,ID Acometida,geometry,Sector GIS,Sector Contratos,Problemas,Sugerencias
18,1341207,POINT (444520.72699999996 4111578.9910000004),CAMPO DE FUTBOL,CAMPO DE FUTBOL,Acometidas duplicadas: Un mismo ID de acometida tiene varios puntos geométricos asociados,"Distancia mayor de 25 metros, comprobar en GIS y AQUACIS"
81,1341176,POINT (444829.83249999955 4111019.5720000006),JUEVES,JUEVES,Acometidas duplicadas: Un mismo ID de acometida tiene varios puntos geométricos asociados,"Distancia menor de 25 metros, unificar en AQUACIS"
102,1340058,POINT (444659.30370000005 4110879.1908),JUEVES,JUEVES,Acometidas duplicadas: Un mismo ID de acometida tiene varios puntos geométricos asociados,"Distancia menor de 25 metros, unificar en AQUACIS"
114,1341369,POINT (444353.78809999954 4111152.9043000005),MANUEL GALERA,MANUEL GALERA,Acometidas duplicadas: Un mismo ID de acometida tiene varios puntos geométricos asociados,"Distancia menor de 25 metros, unificar en AQUACIS"
124,2949946,POINT (444362.7252000002 4111252.306399999),MANUEL GALERA,MANUEL GALERA,Acometidas duplicadas: Un mismo ID de acometida tiene varios puntos geométricos asociados,"Distancia mayor de 25 metros, comprobar en GIS y AQUACIS"
145,1343368,POINT (444888.3156000003 4111260.9740999993),PARQUE 28 DE FEBRERO,PARQUE 28 DE FEBRERO,Acometidas duplicadas: Un mismo ID de acometida tiene varios puntos geométricos asociados,"Distancia menor de 25 metros, unificar en AQUACIS"
155,1339667,POINT (444640.4844000004 4111190.0562999994),JUEVES,MANUEL GALERA,Sectores no parejos: El ID de sectores de contratos no coincide con la posición de las acometidas según los sectores especificados,"Tomar sector GIS, en este caso: JUEVES"
170,1344365,POINT (444417.6031999998 4111458.2435999997),CAMPO DE FUTBOL,CAMPO DE FUTBOL,Acometidas duplicadas: Un mismo ID de acometida tiene varios puntos geométricos asociados,"Distancia menor de 25 metros, unificar en AQUACIS"
178,1339213,POINT (444982.58220000006 4110473.9054000005),JUEVES,SERVICIOS  SOCIALES,Sectores no definidos: El ID de sectores de contratos no existe en los sectores GIS disponibles,Crear sector en GIS y añadirlo al archivo sectores
225,1340542,POINT (444586.34140000027 4110925.9443999995),JUEVES,JUEVES,Acometidas duplicadas: Un mismo ID de acometida tiene varios puntos geométricos asociados,"Distancia menor de 25 metros, unificar en AQUACIS"
249,1341634,POINT (444639.4966000002 4110933.0731000006),JUEVES,JUEVES,Acometidas duplicadas: Un mismo ID de acometida tiene varios puntos geométricos asociados,"Distancia menor de 25 metros, unificar en AQUACIS"
253,1341087,POINT (444340.3742000004 4110556.7103000004),ESPAÑA,JUEVES,Sectores no parejos: El ID de sectores de contratos no coincide con la posición de las acometidas según los sectores especificados,"Tomar sector GIS, en este caso: ESPAÑA"
255,1341083,POINT (444336.4720999999 4110526.621200001),ESPAÑA,JUEVES,Sectores no parejos: El ID de sectores de contratos no coincide con la posición de las acometidas según los sectores especificados,"Tomar sector GIS, en este caso: ESPAÑA"
257,1340719,POINT (445995.6068000002 4111636.5668),FERIA DE MUESTRAS,FERIA DE MUESTRAS,Acometidas duplicadas: Un mismo ID de acometida tiene varios puntos geométricos asociados,"Distancia menor de 25 metros, unificar en AQUACIS"
265,1338682,POINT (444861.37540000025 4111048.0748999994),PARQUE 28 DE FEBRERO,PARQUE 28 DE FEBRERO,Acometidas duplicadas: Un mismo ID de acometida tiene varios puntos geométricos asociados,"Distancia menor de 25 metros, unificar en AQUACIS"
282,3054177,POINT (444250.7460000003 4111174.434699999),MANUEL GALERA,PONIENTE,Sectores no parejos: El ID de sectores de contratos no coincide con la posición de las acometidas según los sectores especificados,"Tomar sector GIS, en este caso: MANUEL GALERA"
303,1343462,POINT (444908.6261999998 4111224.4941000007),PARQUE 28 DE FEBRERO,PARQUE 28 DE FEBRERO,Acometidas duplicadas: Un mismo ID de acometida tiene varios puntos geométricos asociados,"Distancia menor de 25 metros, unificar en AQUACIS"
306,1343364,POINT (444855.39360000007 4111243.680400001),PARQUE 28 DE FEBRERO,PARQUE 28 DE FEBRERO,Acometidas duplicadas: Un mismo ID de acometida tiene varios puntos geométricos asociados,"Distancia menor de 25 metros, unificar en AQUACIS"
320,1340999,POINT (444705.72300000023 4111137.74),JUEVES,JUEVES,Acometidas duplicadas: Un mismo ID de acometida tiene varios puntos geométricos asociados,"Distancia mayor de 25 metros, comprobar en GIS y AQUACIS"
334,1343111,POINT (445038.9391999999 4111220.1491),PARQUE 28 DE FEBRERO,PARQUE 28 DE FEBRERO,Acometidas duplicadas: Un mismo ID de acometida tiene varios puntos geométricos asociados,"Distancia mayor de 25 metros, comprobar en GIS y AQUACIS"
352,1341957,POINT (445069.08949999977 4111645.5405),CAMPO DE FUTBOL,CAMPO DE FUTBOL,Acometidas duplicadas: Un mismo ID de acometida tiene varios puntos geométricos asociados,"Distancia mayor de 25 metros, comprobar en GIS y AQUACIS"
358,1342887,POINT (444535.01740000024 4111544.0908000004),CAMPO DE FUTBOL,MANUEL GALERA,Sectores no parejos: El ID de sectores de contratos no coincide con la posición de las acometidas según los sectores especificados,"Tomar sector GIS, en este caso: CAMPO DE FUTBOL"
362,1342996,POINT (445111.6398 4111023.445699999),PARQUE 28 DE FEBRERO,PARQUE 28 DE FEBRERO,Acometidas duplicadas: Un mismo ID de acometida tiene varios puntos geométricos asociados,"Distancia menor de 25 metros, unificar en AQUACIS"
404,1339219,POINT (444857.29669999983 4110976.9669000003),JUEVES,JUEVES,Acometidas duplicadas: Un mismo ID de acometida tiene varios puntos geométricos asociados,"Distancia menor de 25 metros, unificar en AQUACIS"
426,3034764,POINT (444152.7718000002 4111164.8673),MANUEL GALERA,MANUEL GALERA,Acometidas duplicadas: Un mismo ID de acometida tiene varios puntos geométricos asociados,"Distancia menor de 25 metros, unificar en AQUACIS"
430,1340683,POINT (444489.5853000004 4111223.7224000003),MANUEL GALERA,MANUEL GALERA,Acometidas duplicadas: Un mismo ID de acometida tiene varios puntos geométricos asociados,"Distancia menor de 25 metros, unificar en AQUACIS"
586,1338828,POINT (444295.7572999997 4111122.4442999996),MANUEL GALERA,PONIENTE,Sectores no parejos: El ID de sectores de contratos no coincide con la posición de las acometidas según los sectores especificados,"Tomar sector GIS, en este caso: MANUEL GALERA"
596,1341317,POINT (444583.69820000045 4111080.7618000004),JUEVES,JUEVES,Acometidas duplicadas: Un mismo ID de acometida tiene varios puntos geométricos asociados,"Distancia menor de 25 metros, unificar en AQUACIS"
649,1343253,POINT (444773.4912999999 4111190.8225999996),PARQUE 28 DE FEBRERO,PONIENTE,Sectores no parejos: El ID de sectores de contratos no coincide con la posición de las acometidas según los sectores especificados,"Tomar sector GIS, en este caso: PARQUE 28 DE FEBRERO"
669,1342543,POINT (444845.88489999995 4111095.5999999996),PARQUE 28 DE FEBRERO,PARQUE 28 DE FEBRERO,Acometidas duplicadas: Un mismo ID de acometida tiene varios puntos geométricos asociados,"Distancia menor de 25 metros, unificar en AQUACIS"
708,1340916,POINT (444963.51219999976 4111989.374399999),CAMPO DE FUTBOL,CAMPO DE FUTBOL,Acometidas duplicadas: Un mismo ID de acometida tiene varios puntos geométricos asociados,"Distancia mayor de 25 metros, comprobar en GIS y AQUACIS"
724,1344585,POINT (445683.0437000003 4112128.0966),,CAMPO DE FUTBOL,Falta sector: Punto fuera de los polígonos de los sectores,"Añadir punto a polígono GIS, se sugiere el polígono de contratos, en este caso: CAMPO DE FUTBOL"
727,1343764,POINT (445045.3646 4111252.7069000006),PARQUE 28 DE FEBRERO,PARQUE 28 DE FEBRERO,Acometidas duplicadas: Un mismo ID de acometida tiene varios puntos geométricos asociados,"Distancia menor de 25 metros, unificar en AQUACIS"
797,1343370,POINT (444891.1309000002 4111262.732000001),PARQUE 28 DE FEBRERO,PARQUE 28 DE FEBRERO,Acometidas duplicadas: Un mismo ID de acometida tiene varios puntos geométricos asociados,"Distancia menor de 25 metros, unificar en AQUACIS"
800,1340053,POINT (444760.81879999954 4111224.1516999993),PARQUE 28 DE FEBRERO,PARQUE 28 DE FEBRERO,Acometidas duplicadas: Un mismo ID de acometida tiene varios puntos geométricos asociados,"Distancia mayor de 25 metros, comprobar en GIS y AQUACIS"
826,1339780,POINT (444292.8178000003 4111289.0442999993),MANUEL GALERA,MANUEL GALERA,Acometidas duplicadas: Un mismo ID de acometida tiene varios puntos geométricos asociados,"Distancia menor de 25 metros, unificar en AQUACIS"
834,1344555,POINT (444793.2901999997 4111318.7634999994),PARQUE 28 DE FEBRERO,PARQUE 28 DE FEBRERO,Acometidas duplicadas: Un mismo ID de acometida tiene varios puntos geométricos asociados,"Distancia menor de 25 metros, unificar en AQUACIS"
848,1340580,POINT (444961.8426999999 4110576.6822999995),JUEVES,JUEVES,Acometidas duplicadas: Un mismo ID de acometida tiene varios puntos geométricos asociados,"Distancia mayor de 25 metros, comprobar en GIS y AQUACIS"
850,1340566,POINT (444849.1074999999 4110753.6592999995),JUEVES,JUEVES,Acometidas duplicadas: Un mismo ID de acometida tiene varios puntos geométricos asociados,"Distancia menor de 25 metros, unificar en AQUACIS"
860,1342947,POINT (444922.4550000001 4110924.4166),PARQUE 28 DE FEBRERO,PARQUE 28 DE FEBRERO,Acometidas duplicadas: Un mismo ID de acometida tiene varios puntos geométricos asociados,"Distancia menor de 25 metros, unificar en AQUACIS"
888,2965613,POINT (445266.03610000014 4110843.8498),PARQUE 28 DE FEBRERO,PARQUE 28 DE FEBRERO,Acometidas duplicadas: Un mismo ID de acometida tiene varios puntos geométricos asociados,"Distancia mayor de 25 metros, comprobar en GIS y AQUACIS"
889,3169594,POINT (444698.37959999964 4110287.066400001),SANTA TERESA,FUD-400,Sectores no definidos: El ID de sectores de contratos no existe en los sectores GIS disponibles,Crear sector en GIS y añadirlo al archivo sectores
919,1339745,POINT (444523.28220000025 4111261.4251000006),MANUEL GALERA,MANUEL GALERA,Acometidas duplicadas: Un mismo ID de acometida tiene varios puntos geométricos asociados,"Distancia menor de 25 metros, unificar en AQUACIS"
955,1341997,POINT (444771.7466000002 4111139.778000001),PARQUE 28 DE FEBRERO,PARQUE 28 DE FEBRERO,Acometidas duplicadas: Un mismo ID de acometida tiene varios puntos geométricos asociados,"Distancia menor de 25 metros, unificar en AQUACIS"
993,1342034,POINT (445072.84449999966 4110597.177100001),JUEVES,PARQUE 28 DE FEBRERO,Sectores no parejos: El ID de sectores de contratos no coincide con la posición de las acometidas según los sectores especificados,"Tomar sector GIS, en este caso: JUEVES"
1000,1342013,POINT (444955.7589999996 4110877.7042999994),PARQUE 28 DE FEBRERO,PARQUE 28 DE FEBRERO,Acometidas duplicadas: Un mismo ID de acometida tiene varios puntos geométricos asociados,"Distancia mayor de 25 metros, comprobar en GIS y AQUACIS"
1044,1341962,POINT (444900.17420000024 4111797.037900001),CAMPO DE FUTBOL,CAMPO DE FUTBOL,Acometidas duplicadas: Un mismo ID de acometida tiene varios puntos geométricos asociados,"Distancia mayor de 25 metros, comprobar en GIS y AQUACIS"
1092,3054200,POINT (444248.5218000002 4111202.130999999),MANUEL GALERA,PONIENTE,Sectores no parejos: El ID de sectores de contratos no coincide con la posición de las acometidas según los sectores especificados,"Tomar sector GIS, en este caso: MANUEL GALERA"
1093,3054197,POINT (444246.83160000015 4111197.4510999992),MANUEL GALERA,PONIENTE,Sectores no parejos: El ID de sectores de contratos no coincide con la posición de las acometidas según los sectores especificados,"Tomar sector GIS, en este caso: MANUEL GALERA"
1113,1338661,POINT (444804.01439999975 4111284.937000001),PARQUE 28 DE FEBRERO,PARQUE 28 DE FEBRERO,Acometidas duplicadas: Un mismo ID de acometida tiene varios puntos geométricos asociados,"Distancia mayor de 25 metros, comprobar en GIS y AQUACIS"
1165,3054058,POINT (444694.6107000001 4111172.5648),JUEVES,JUEVES,Acometidas duplicadas: Un mismo ID de acometida tiene varios puntos geométricos asociados,"Distancia menor de 25 metros, unificar en AQUACIS"
1167,1341113,POINT (444598.074 4111102.464400001),JUEVES,JUEVES,Acometidas duplicadas: Un mismo ID de acometida tiene varios puntos geométricos asociados,"Distancia mayor de 25 metros, comprobar en GIS y AQUACIS"
1176,1342647,POINT (444154.6029000003 4111371.8288000003),MANUEL GALERA,MANUEL GALERA,Acometidas duplicadas: Un mismo ID de acometida tiene varios puntos geométricos asociados,"Distancia menor de 25 metros, unificar en AQUACIS"
1191,1340037,POINT (444240.2072999999 4111326.983100001),MANUEL GALERA,MANUEL GALERA,Acometidas duplicadas: Un mismo ID de acometida tiene varios puntos geométricos asociados,"Distancia menor de 25 metros, unificar en AQUACIS"
1254,1339908,POINT (444325.7056 4110916.8922000006),PONIENTE,PONIENTE,Acometidas duplicadas: Un mismo ID de acometida tiene varios puntos geométricos asociados,"Distancia menor de 25 metros, unificar en AQUACIS"
1262,1342050,POINT (444615.3398000002 4110981.8265000004),JUEVES,JUEVES,Acometidas duplicadas: Un mismo ID de acometida tiene varios puntos geométricos asociados,"Distancia menor de 25 metros, unificar en AQUACIS"
1334,1339125,POINT (444924.9138000002 4110694.0579000004),JUEVES,JUEVES,Acometidas duplicadas: Un mismo ID de acometida tiene varios puntos geométricos asociados,"Distancia mayor de 25 metros, comprobar en GIS y AQUACIS"
1398,1343143,POINT (445283.4031999996 4110826.2073),PARQUE 28 DE FEBRERO,PARQUE 28 DE FEBRERO,Acometidas duplicadas: Un mismo ID de acometida tiene varios puntos geométricos asociados,"Distancia mayor de 25 metros, comprobar en GIS y AQUACIS"
1402,3089220,POINT (445189.88379999995 4110558.6525),CAMPO DE FUTBOL,PONIENTE,Sectores no parejos: El ID de sectores de contratos no coincide con la posición de las acometidas según los sectores especificados,"Tomar sector GIS, en este caso: CAMPO DE FUTBOL"
1407,1343669,POINT (445261.8828999996 4110784.579399999),PARQUE 28 DE FEBRERO,NEVADA,Sectores no parejos: El ID de sectores de contratos no coincide con la posición de las acometidas según los sectores especificados,"Tomar sector GIS, en este caso: PARQUE 28 DE FEBRERO"
1452,1342059,POINT (445057.5460000001 4110807.1136000007),PARQUE 28 DE FEBRERO,PARQUE 28 DE FEBRERO,Acometidas duplicadas: Un mismo ID de acometida tiene varios puntos geométricos asociados,"Distancia menor de 25 metros, unificar en AQUACIS"
1457,1339644,POINT (445262.8541000001 4110918.0504),PARQUE 28 DE FEBRERO,PARQUE 28 DE FEBRERO,Acometidas duplicadas: Un mismo ID de acometida tiene varios puntos geométricos asociados,"Distancia menor de 25 metros, unificar en AQUACIS"
1467,1339591,POINT (445213.73589999974 4110870.0033),PARQUE 28 DE FEBRERO,JUEVES,Sectores no parejos: El ID de sectores de contratos no coincide con la posición de las acometidas según los sectores especificados,"Tomar sector GIS, en este caso: PARQUE 28 DE FEBRERO"
1484,3061688,POINT (445259.42920000013 4110863.1362999994),PARQUE 28 DE FEBRERO,PARQUE 28 DE FEBRERO,Acometidas duplicadas: Un mismo ID de acometida tiene varios puntos geométricos asociados,"Distancia menor de 25 metros, unificar en AQUACIS"
1536,1342743,POINT (445587.04360000044 4111738.1194),NEVADA,NEVADA,Acometidas duplicadas: Un mismo ID de acometida tiene varios puntos geométricos asociados,"Distancia menor de 25 metros, unificar en AQUACIS"
1583,1343113,POINT (445039.9194 4111218.503799999),PARQUE 28 DE FEBRERO,PARQUE 28 DE FEBRERO,Acometidas duplicadas: Un mismo ID de acometida tiene varios puntos geométricos asociados,"Distancia mayor de 25 metros, comprobar en GIS y AQUACIS"
1591,2990418,POINT (444769.0234000003 4110483.7511),,FUD-400,Falta sector: Punto fuera de los polígonos de los sectores,"Añadir punto a polígono GIS, se sugiere el polígono de contratos, en este caso: FUD-400"
1641,1342003,POINT (444817.02529999986 4111073.4825999998),PARQUE 28 DE FEBRERO,PARQUE 28 DE FEBRERO,Acometidas duplicadas: Un mismo ID de acometida tiene varios puntos geométricos asociados,"Distancia menor de 25 metros, unificar en AQUACIS"
1651,1341978,POINT (444689.8024000004 4111242.5352),JUEVES,MANUEL GALERA,Sectores no parejos: El ID de sectores de contratos no coincide con la posición de las acometidas según los sectores especificados,"Tomar sector GIS, en este caso: JUEVES"
1710,1340843,POINT (444529.17459999956 4111184.3641999997),MANUEL GALERA,MANUEL GALERA,Acometidas duplicadas: Un mismo ID de acometida tiene varios puntos geométricos asociados,"Distancia menor de 25 metros, unificar en AQUACIS"
1714,1338826,POINT (444291.20150000043 4111162.8114),MANUEL GALERA,PONIENTE,Sectores no parejos: El ID de sectores de contratos no coincide con la posición de las acometidas según los sectores especificados,"Tomar sector GIS, en este caso: MANUEL GALERA"
1732,1342678,POINT (444254.9754999997 4110921.2238),PONIENTE,PONIENTE,Acometidas duplicadas: Un mismo ID de acometida tiene varios puntos geométricos asociados,"Distancia mayor de 25 metros, comprobar en GIS y AQUACIS"
1776,1341359,POINT (444887.23620000016 4110878.6899999995),JUEVES,JUEVES,Acometidas duplicadas: Un mismo ID de acometida tiene varios puntos geométricos asociados,"Distancia mayor de 25 metros, comprobar en GIS y AQUACIS"
1806,1339239,POINT (444793.0872999998 4110897.8279999997),JUEVES,JUEVES,Acometidas duplicadas: Un mismo ID de acometida tiene varios puntos geométricos asociados,"Distancia menor de 25 metros, unificar en AQUACIS"
1869,1339781,POINT (444296.3476 4111298.9957999997),MANUEL GALERA,MANUEL GALERA,Acometidas duplicadas: Un mismo ID de acometida tiene varios puntos geométricos asociados,"Distancia menor de 25 metros, unificar en AQUACIS"
1886,3075139,POINT (444372.9088000003 4110541.8267),ESPAÑA,ESPAÑA,Acometidas duplicadas: Un mismo ID de acometida tiene varios puntos geométricos asociados,"Distancia menor de 25 metros, unificar en AQUACIS"
1906,1342831,POINT (444240.5560999997 4110804.9167),PONIENTE,PONIENTE,Acometidas duplicadas: Un mismo ID de acometida tiene varios puntos geométricos asociados,"Distancia menor de 25 metros, unificar en AQUACIS"
1918,1339634,POINT (445111.9907999998 4110762.6184),PARQUE 28 DE FEBRERO,PARQUE 28 DE FEBRERO,Acometidas duplicadas: Un mismo ID de acometida tiene varios puntos geométricos asociados,"Distancia menor de 25 metros, unificar en AQUACIS"
1946,1342254,POINT (444937.3256000001 4110849.9886000007),JUEVES,JUEVES,Acometidas duplicadas: Un mismo ID de acometida tiene varios puntos geométricos asociados,"Distancia menor de 25 metros, unificar en AQUACIS"
1964,1340476,POINT (444291.24700000044 4110407.2675),ESPAÑA,ESPAÑA,Acometidas duplicadas: Un mismo ID de acometida tiene varios puntos geométricos asociados,"Distancia menor de 25 metros, unificar en AQUACIS"
1973,1340323,POINT (444254.7768000001 4111015.1198999994),MANUEL GALERA,PONIENTE,Sectores no parejos: El ID de sectores de contratos no coincide con la posición de las acometidas según los sectores especificados,"Tomar sector GIS, en este caso: MANUEL GALERA"
2015,1342939,POINT (444302.1235999996 4110258.976500001),ESPAÑA,ESPAÑA,Acometidas duplicadas: Un mismo ID de acometida tiene varios puntos geométricos asociados,"Distancia menor de 25 metros, unificar en AQUACIS"
2147,3015448,POINT (445676.80879999977 4112093.4415000007),NEVADA,CAMPO DE FUTBOL,Sectores no parejos: El ID de sectores de contratos no coincide con la posición de las acometidas según los sectores especificados,"Tomar sector GIS, en este caso: NEVADA"
2156,1339633,POINT (445128.44120000023 4110744.350400001),PARQUE 28 DE FEBRERO,PARQUE 28 DE FEBRERO,Acometidas duplicadas: Un mismo ID de acometida tiene varios puntos geométricos asociados,"Distancia menor de 25 metros, unificar en AQUACIS"
2159,3009846,POINT (445146.9653000003 4110794.9605),PARQUE 28 DE FEBRERO,PARQUE 28 DE FEBRERO,Acometidas duplicadas: Un mismo ID de acometida tiene varios puntos geométricos asociados,"Distancia menor de 25 metros, unificar en AQUACIS"
2169,1343668,POINT (445272.4128999999 4110767.7951999996),PARQUE 28 DE FEBRERO,NEVADA,Sectores no parejos: El ID de sectores de contratos no coincide con la posición de las acometidas según los sectores especificados,"Tomar sector GIS, en este caso: PARQUE 28 DE FEBRERO"
2179,1339069,POINT (445105.7577999998 4110961.454),PARQUE 28 DE FEBRERO,PARQUE 28 DE FEBRERO,Acometidas duplicadas: Un mismo ID de acometida tiene varios puntos geométricos asociados,"Distancia menor de 25 metros, unificar en AQUACIS"
2199,1340587,POINT (445158.0405000001 4110574.6154999994),CAMPO DE FUTBOL,JUEVES,Sectores no parejos: El ID de sectores de contratos no coincide con la posición de las acometidas según los sectores especificados,"Tomar sector GIS, en este caso: CAMPO DE FUTBOL"
2200,1342035,POINT (445218.5730999997 4110546.5878999997),CAMPO DE FUTBOL,PARQUE 28 DE FEBRERO,Sectores no parejos: El ID de sectores de contratos no coincide con la posición de las acometidas según los sectores especificados,"Tomar sector GIS, en este caso: CAMPO DE FUTBOL"
2225,1340927,POINT (444818.99509999994 4111871.1165999994),CAMPO DE FUTBOL,CAMPO DE FUTBOL,Acometidas duplicadas: Un mismo ID de acometida tiene varios puntos geométricos asociados,"Distancia mayor de 25 metros, comprobar en GIS y AQUACIS"
2245,3205721,POINT (444716.37629999965 4111904.740599999),CAMPO DE FUTBOL,CAMPO DE FUTBOL,Acometidas duplicadas: Un mismo ID de acometida tiene varios puntos geométricos asociados,"Distancia mayor de 25 metros, comprobar en GIS y AQUACIS"
2258,1344381,POINT (444452.7187999999 4111597.6525999997),CAMPO DE FUTBOL,CAMPO DE FUTBOL,Acometidas duplicadas: Un mismo ID de acometida tiene varios puntos geométricos asociados,"Distancia menor de 25 metros, unificar en AQUACIS"
2263,1342383,POINT (443958.3463000003 4111188.941299999),MANUEL GALERA,MANUEL GALERA,Acometidas duplicadas: Un mismo ID de acometida tiene varios puntos geométricos asociados,"Distancia menor de 25 metros, unificar en AQUACIS"
2268,1344344,POINT (445283.3362999996 4111084.9931000005),PARQUE 28 DE FEBRERO,PARQUE 28 DE FEBRERO,Acometidas duplicadas: Un mismo ID de acometida tiene varios puntos geométricos asociados,"Distancia menor de 25 metros, unificar en AQUACIS"
2273,1342995,POINT (445030.69130000006 4111156.6384999994),PARQUE 28 DE FEBRERO,PARQUE 28 DE FEBRERO,Acometidas duplicadas: Un mismo ID de acometida tiene varios puntos geométricos asociados,"Distancia menor de 25 metros, unificar en AQUACIS"
2276,3232870,POINT (445291.0822999999 4111396.7469999995),NEVADA,NEVADA,Acometidas duplicadas: Un mismo ID de acometida tiene varios puntos geométricos asociados,"Distancia menor de 25 metros, unificar en AQUACIS"
2403,1339198,POINT (444637.72809999995 4110126.735200001),SANTA TERESA,FUD-400,Sectores no definidos: El ID de sectores de contratos no existe en los sectores GIS disponibles,Crear sector en GIS y añadirlo al archivo sectores
2414,2963595,POINT (445117.4199999999 4111577.3739),CAMPO DE FUTBOL,CAMPO DE FUTBOL,Acometidas duplicadas: Un mismo ID de acometida tiene varios puntos geométricos asociados,"Distancia menor de 25 metros, unificar en AQUACIS"
2442,2996348,POINT (444212.7812000001 4110607.6338),PONIENTE,ESPAÑA,Sectores no parejos: El ID de sectores de contratos no coincide con la posición de las acometidas según los sectores especificados,"Tomar sector GIS, en este caso: PONIENTE"
2477,1342382,POINT (443960.0007999996 4111188.6196),MANUEL GALERA,MANUEL GALERA,Acometidas duplicadas: Un mismo ID de acometida tiene varios puntos geométricos asociados,"Distancia menor de 25 metros, unificar en AQUACIS"
2523,1344612,POINT (444950.5636 4111911.537799999),CAMPO DE FUTBOL,CAMPO DE FUTBOL,Acometidas duplicadas: Un mismo ID de acometida tiene varios puntos geométricos asociados,"Distancia menor de 25 metros, unificar en AQUACIS"
2531,1341963,POINT (444859.06989999954 4111802.3648000006),CAMPO DE FUTBOL,CAMPO DE FUTBOL,Acometidas duplicadas: Un mismo ID de acometida tiene varios puntos geométricos asociados,"Distancia mayor de 25 metros, comprobar en GIS y AQUACIS"
2536,1344549,POINT (444850.7951999996 4111537.9847999997),CAMPO DE FUTBOL,CAMPO DE FUTBOL,Acometidas duplicadas: Un mismo ID de acometida tiene varios puntos geométricos asociados,"Distancia mayor de 25 metros, comprobar en GIS y AQUACIS"
2643,1342227,POINT (444583.79289999977 4110767.5593999997),JUEVES,JUEVES,Acometidas duplicadas: Un mismo ID de acometida tiene varios puntos geométricos asociados,"Distancia menor de 25 metros, unificar en AQUACIS"
2794,1338833,POINT (444325.21740000043 4111246.606899999),MANUEL GALERA,PONIENTE,Sectores no parejos: El ID de sectores de contratos no coincide con la posición de las acometidas según los sectores especificados,"Tomar sector GIS, en este caso: MANUEL GALERA"
2795,1338839,POINT (444335.4888000004 4111269.2413999997),MANUEL GALERA,PONIENTE,Sectores no parejos: El ID de sectores de contratos no coincide con la posición de las acometidas según los sectores especificados,"Tomar sector GIS, en este caso: MANUEL GALERA"
2796,1338836,POINT (444337.1063000001 4111281.635399999),MANUEL GALERA,PONIENTE,Sectores no parejos: El ID de sectores de contratos no coincide con la posición de las acometidas según los sectores especificados,"Tomar sector GIS, en este caso: MANUEL GALERA"
2797,1338842,POINT (444337.81989999954 4111283.6915000007),MANUEL GALERA,PONIENTE,Sectores no parejos: El ID de sectores de contratos no coincide con la posición de las acometidas según los sectores especificados,"Tomar sector GIS, en este caso: MANUEL GALERA"
2798,1338841,POINT (444337.1665000003 4111281.8090000004),MANUEL GALERA,PONIENTE,Sectores no parejos: El ID de sectores de contratos no coincide con la posición de las acometidas según los sectores especificados,"Tomar sector GIS, en este caso: MANUEL GALERA"
2799,1338838,POINT (444338.90589999966 4111286.8203999996),MANUEL GALERA,PONIENTE,Sectores no parejos: El ID de sectores de contratos no coincide con la posición de las acometidas según los sectores especificados,"Tomar sector GIS, en este caso: MANUEL GALERA"
2800,1338844,POINT (444341.88320000004 4111295.399),MANUEL GALERA,PONIENTE,Sectores no parejos: El ID de sectores de contratos no coincide con la posición de las acometidas según los sectores especificados,"Tomar sector GIS, en este caso: MANUEL GALERA"
2801,1338846,POINT (444342.55179999955 4111297.3254000004),MANUEL GALERA,PONIENTE,Sectores no parejos: El ID de sectores de contratos no coincide con la posición de las acometidas según los sectores especificados,"Tomar sector GIS, en este caso: MANUEL GALERA"
2802,1338848,POINT (444344.94519999996 4111304.2216999996),MANUEL GALERA,PONIENTE,Sectores no parejos: El ID de sectores de contratos no coincide con la posición de las acometidas según los sectores especificados,"Tomar sector GIS, en este caso: MANUEL GALERA"
2803,1338840,POINT (444343.75549999997 4111300.7937000003),MANUEL GALERA,PONIENTE,Sectores no parejos: El ID de sectores de contratos no coincide con la posición de las acometidas según los sectores especificados,"Tomar sector GIS, en este caso: MANUEL GALERA"
2804,1338843,POINT (444347.14219999965 4111310.8037),MANUEL GALERA,PONIENTE,Sectores no parejos: El ID de sectores de contratos no coincide con la posición de las acometidas según los sectores especificados,"Tomar sector GIS, en este caso: MANUEL GALERA"
2805,1338850,POINT (444348.65110000037 4111315.3577999994),MANUEL GALERA,PONIENTE,Sectores no parejos: El ID de sectores de contratos no coincide con la posición de las acometidas según los sectores especificados,"Tomar sector GIS, en este caso: MANUEL GALERA"
2806,1338845,POINT (444350.8136 4111321.8852999993),MANUEL GALERA,PONIENTE,Sectores no parejos: El ID de sectores de contratos no coincide con la posición de las acometidas según los sectores especificados,"Tomar sector GIS, en este caso: MANUEL GALERA"
2807,1338847,POINT (444351.5159 4111324.1173),MANUEL GALERA,PONIENTE,Sectores no parejos: El ID de sectores de contratos no coincide con la posición de las acometidas según los sectores especificados,"Tomar sector GIS, en este caso: MANUEL GALERA"
2808,1338854,POINT (444353.8295 4111331.577299999),MANUEL GALERA,PONIENTE,Sectores no parejos: El ID de sectores de contratos no coincide con la posición de las acometidas según los sectores especificados,"Tomar sector GIS, en este caso: MANUEL GALERA"
2809,1338849,POINT (444356.0713999998 4111338.8210000005),MANUEL GALERA,PONIENTE,Sectores no parejos: El ID de sectores de contratos no coincide con la posición de las acometidas según los sectores especificados,"Tomar sector GIS, en este caso: MANUEL GALERA"
2810,1338855,POINT (444356.733 4111340.9584999997),MANUEL GALERA,PONIENTE,Sectores no parejos: El ID de sectores de contratos no coincide con la posición de las acometidas según los sectores especificados,"Tomar sector GIS, en este caso: MANUEL GALERA"
2811,1338851,POINT (444358.6152999997 4111346.311899999),MANUEL GALERA,PONIENTE,Sectores no parejos: El ID de sectores de contratos no coincide con la posición de las acometidas según los sectores especificados,"Tomar sector GIS, en este caso: MANUEL GALERA"
2814,1338853,POINT (444361.02799999993 4111353.1257000007),MANUEL GALERA,PONIENTE,Sectores no parejos: El ID de sectores de contratos no coincide con la posición de las acometidas según los sectores especificados,"Tomar sector GIS, en este caso: MANUEL GALERA"
2815,1338856,POINT (444360.7209000001 4111352.258300001),MANUEL GALERA,PONIENTE,Sectores no parejos: El ID de sectores de contratos no coincide con la posición de las acometidas según los sectores especificados,"Tomar sector GIS, en este caso: MANUEL GALERA"
2816,1338857,POINT (444361.9127000002 4111355.6242999993),MANUEL GALERA,PONIENTE,Sectores no parejos: El ID de sectores de contratos no coincide con la posición de las acometidas según los sectores especificados,"Tomar sector GIS, en este caso: MANUEL GALERA"
2817,1338831,POINT (444312.84729999956 4111209.2446999997),MANUEL GALERA,PONIENTE,Sectores no parejos: El ID de sectores de contratos no coincide con la posición de las acometidas según los sectores especificados,"Tomar sector GIS, en este caso: MANUEL GALERA"
2820,1338830,POINT (444308.87239999976 4111198.1247000005),MANUEL GALERA,PONIENTE,Sectores no parejos: El ID de sectores de contratos no coincide con la posición de las acometidas según los sectores especificados,"Tomar sector GIS, en este caso: MANUEL GALERA"
2823,1338829,POINT (444299.5828999998 4111168.6765),MANUEL GALERA,PONIENTE,Sectores no parejos: El ID de sectores de contratos no coincide con la posición de las acometidas según los sectores especificados,"Tomar sector GIS, en este caso: MANUEL GALERA"
2828,1338824,POINT (444264.4469999997 4111041.3259999994),MANUEL GALERA,PONIENTE,Sectores no parejos: El ID de sectores de contratos no coincide con la posición de las acometidas según los sectores especificados,"Tomar sector GIS, en este caso: MANUEL GALERA"
2829,1338825,POINT (444265.4176000003 4111052.2882000003),MANUEL GALERA,PONIENTE,Sectores no parejos: El ID de sectores de contratos no coincide con la posición de las acometidas según los sectores especificados,"Tomar sector GIS, en este caso: MANUEL GALERA"
2830,3085547,POINT (444265.50409999955 4111061.8095999993),MANUEL GALERA,PONIENTE,Sectores no parejos: El ID de sectores de contratos no coincide con la posición de las acometidas según los sectores especificados,"Tomar sector GIS, en este caso: MANUEL GALERA"
2833,3054061,POINT (444680.7385999998 4111547.5429),CAMPO DE FUTBOL,CAMPO DE FUTBOL,Acometidas duplicadas: Un mismo ID de acometida tiene varios puntos geométricos asociados,"Distancia menor de 25 metros, unificar en AQUACIS"
2893,1340918,POINT (444832.12679999974 4111750.0067999996),CAMPO DE FUTBOL,CAMPO DE FUTBOL,Acometidas duplicadas: Un mismo ID de acometida tiene varios puntos geométricos asociados,"Distancia menor de 25 metros, unificar en AQUACIS"
2916,1343737,POINT (444914.6024000002 4111317.6282),PARQUE 28 DE FEBRERO,PARQUE 28 DE FEBRERO,Acometidas duplicadas: Un mismo ID de acometida tiene varios puntos geométricos asociados,"Distancia menor de 25 metros, unificar en AQUACIS"
2937,1343366,POINT (444874.52969999984 4111252.3662),PARQUE 28 DE FEBRERO,PARQUE 28 DE FEBRERO,Acometidas duplicadas: Un mismo ID de acometida tiene varios puntos geométricos asociados,"Distancia menor de 25 metros, unificar en AQUACIS"
2953,1342983,POINT (444976.8032999998 4111243.8739),PARQUE 28 DE FEBRERO,PARQUE 28 DE FEBRERO,Acometidas duplicadas: Un mismo ID de acometida tiene varios puntos geométricos asociados,"Distancia menor de 25 metros, unificar en AQUACIS"
2976,1344398,POINT (444345.54590000026 4111471.8358999994),CAMPO DE FUTBOL,CAMPO DE FUTBOL,Acometidas duplicadas: Un mismo ID de acometida tiene varios puntos geométricos asociados,"Distancia mayor de 25 metros, comprobar en GIS y AQUACIS"
2977,1344396,POINT (444348.36230000015 4111477.1371),CAMPO DE FUTBOL,CAMPO DE FUTBOL,Acometidas duplicadas: Un mismo ID de acometida tiene varios puntos geométricos asociados,"Distancia mayor de 25 metros, comprobar en GIS y AQUACIS"
2996,1342645,POINT (444198.3312999997 4111373.3227999993),MANUEL GALERA,MANUEL GALERA,Acometidas duplicadas: Un mismo ID de acometida tiene varios puntos geométricos asociados,"Distancia menor de 25 metros, unificar en AQUACIS"
3058,1341999,POINT (444804.3388 4111084.6951),PARQUE 28 DE FEBRERO,JUEVES,Sectores no parejos: El ID de sectores de contratos no coincide con la posición de las acometidas según los sectores especificados,"Tomar sector GIS, en este caso: PARQUE 28 DE FEBRERO"
3070,1342005,POINT (444859.55040000007 4110989.7147000004),PARQUE 28 DE FEBRERO,JUEVES,Sectores no parejos: El ID de sectores de contratos no coincide con la posición de las acometidas según los sectores especificados,"Tomar sector GIS, en este caso: PARQUE 28 DE FEBRERO"
3071,1342007,POINT (444866.8276000004 4110975.9854000006),PARQUE 28 DE FEBRERO,JUEVES,Sectores no parejos: El ID de sectores de contratos no coincide con la posición de las acometidas según los sectores especificados,"Tomar sector GIS, en este caso: PARQUE 28 DE FEBRERO"
3072,1342009,POINT (444873.85919999983 4110962.7196999993),PARQUE 28 DE FEBRERO,JUEVES,Sectores no parejos: El ID de sectores de contratos no coincide con la posición de las acometidas según los sectores especificados,"Tomar sector GIS, en este caso: PARQUE 28 DE FEBRERO"
3081,1344548,POINT (444679.90029999986 4111289.808599999),CAMPO DE FUTBOL,PARQUE 28 DE FEBRERO,Sectores no parejos: El ID de sectores de contratos no coincide con la posición de las acometidas según los sectores especificados,"Tomar sector GIS, en este caso: CAMPO DE FUTBOL"
3131,1341276,POINT (445170.4308000002 4111119.7907999996),PARQUE 28 DE FEBRERO,PARQUE 28 DE FEBRERO,Acometidas duplicadas: Un mismo ID de acometida tiene varios puntos geométricos asociados,"Distancia menor de 25 metros, unificar en AQUACIS"
3136,1341252,POINT (444978.4282999998 4110897.8555999994),PARQUE 28 DE FEBRERO,PARQUE 28 DE FEBRERO,Acometidas duplicadas: Un mismo ID de acometida tiene varios puntos geométricos asociados,"Distancia menor de 25 metros, unificar en AQUACIS"
3142,1341250,POINT (444967.25850000046 4110885.926999999),PARQUE 28 DE FEBRERO,PARQUE 28 DE FEBRERO,Acometidas duplicadas: Un mismo ID de acometida tiene varios puntos geométricos asociados,"Distancia menor de 25 metros, unificar en AQUACIS"
3197,1343780,POINT (445174.10059999954 4111085.0206000004),PARQUE 28 DE FEBRERO,PARQUE 28 DE FEBRERO,Acometidas duplicadas: Un mismo ID de acometida tiene varios puntos geométricos asociados,"Distancia menor de 25 metros, unificar en AQUACIS"
3201,1343783,POINT (445180.97670000046 4111074.6457),PARQUE 28 DE FEBRERO,PARQUE 28 DE FEBRERO,Acometidas duplicadas: Un mismo ID de acometida tiene varios puntos geométricos asociados,"Distancia menor de 25 metros, unificar en AQUACIS"
3205,1343787,POINT (445187.5582999997 4111064.715),PARQUE 28 DE FEBRERO,PARQUE 28 DE FEBRERO,Acometidas duplicadas: Un mismo ID de acometida tiene varios puntos geométricos asociados,"Distancia menor de 25 metros, unificar en AQUACIS"
3209,1343790,POINT (445194.22640000004 4111054.6538999993),PARQUE 28 DE FEBRERO,PARQUE 28 DE FEBRERO,Acometidas duplicadas: Un mismo ID de acometida tiene varios puntos geométricos asociados,"Distancia menor de 25 metros, unificar en AQUACIS"
3213,1343793,POINT (445200.81039999984 4111044.7196999993),PARQUE 28 DE FEBRERO,PARQUE 28 DE FEBRERO,Acometidas duplicadas: Un mismo ID de acometida tiene varios puntos geométricos asociados,"Distancia menor de 25 metros, unificar en AQUACIS"
3229,1339077,POINT (445077.2204 4110987.1171000004),PARQUE 28 DE FEBRERO,PARQUE 28 DE FEBRERO,Acometidas duplicadas: Un mismo ID de acometida tiene varios puntos geométricos asociados,"Distancia menor de 25 metros, unificar en AQUACIS"
3266,1343749,POINT (445007.7763 4111384.8027999997),PARQUE 28 DE FEBRERO,PARQUE 28 DE FEBRERO,Acometidas duplicadas: Un mismo ID de acometida tiene varios puntos geométricos asociados,"Distancia menor de 25 metros, unificar en AQUACIS"
3276,1343422,POINT (445099.83019999973 4111377.8659000006),NEVADA,PARQUE 28 DE FEBRERO,Sectores no parejos: El ID de sectores de contratos no coincide con la posición de las acometidas según los sectores especificados,"Tomar sector GIS, en este caso: NEVADA"
3309,1344057,POINT (445120.17310000025 4111352.6053),NEVADA,NEVADA,Acometidas duplicadas: Un mismo ID de acometida tiene varios puntos geométricos asociados,"Distancia menor de 25 metros, unificar en AQUACIS"
3326,1344079,POINT (445052.6732999999 4111473.3345),NEVADA,NEVADA,Acometidas duplicadas: Un mismo ID de acometida tiene varios puntos geométricos asociados,"Distancia menor de 25 metros, unificar en AQUACIS"
3338,1339792,POINT (444849.1177000003 4110915.0906000007),JUEVES,JUEVES,Acometidas duplicadas: Un mismo ID de acometida tiene varios puntos geométricos asociados,"Distancia menor de 25 metros, unificar en AQUACIS"
3348,1339802,POINT (444818.15869999956 4110878.8102),JUEVES,JUEVES,Acometidas duplicadas: Un mismo ID de acometida tiene varios puntos geométricos asociados,"Distancia mayor de 25 metros, comprobar en GIS y AQUACIS"
3355,1339798,POINT (444811.76779999956 4110883.092599999),JUEVES,JUEVES,Acometidas duplicadas: Un mismo ID de acometida tiene varios puntos geométricos asociados,"Distancia menor de 25 metros, unificar en AQUACIS"
3371,1339800,POINT (444804.84520000033 4110865.9082999993),JUEVES,JUEVES,Acometidas duplicadas: Un mismo ID de acometida tiene varios puntos geométricos asociados,"Distancia menor de 25 metros, unificar en AQUACIS"
3437,1339804,POINT (444776.57600000035 4110836.7915000003),JUEVES,JUEVES,Acometidas duplicadas: Un mismo ID de acometida tiene varios puntos geométricos asociados,"Distancia menor de 25 metros, unificar en AQUACIS"
3467,1339806,POINT (444765.2093000002 4110820.0320999995),JUEVES,JUEVES,Acometidas duplicadas: Un mismo ID de acometida tiene varios puntos geométricos asociados,"Distancia menor de 25 metros, unificar en AQUACIS"
4045,1342248,POINT (444889.59059999976 4110825.630999999),JUEVES,JUEVES,Acometidas duplicadas: Un mismo ID de acometida tiene varios puntos geométricos asociados,"Distancia menor de 25 metros, unificar en AQUACIS"
4066,1340570,POINT (444901.65809999965 4110692.9449000005),JUEVES,JUEVES,Acometidas duplicadas: Un mismo ID de acometida tiene varios puntos geométricos asociados,"Distancia menor de 25 metros, unificar en AQUACIS"
4069,1340581,POINT (445022.6867000004 4110621.4891999997),JUEVES,JUEVES,Acometidas duplicadas: Un mismo ID de acometida tiene varios puntos geométricos asociados,"Distancia mayor de 25 metros, comprobar en GIS y AQUACIS"
4326,1341664,POINT (444626.4335000003 4111232.4222),MANUEL GALERA,MANUEL GALERA,Acometidas duplicadas: Un mismo ID de acometida tiene varios puntos geométricos asociados,"Distancia menor de 25 metros, unificar en AQUACIS"
4522,1341626,POINT (444621.64020000026 4110915.397500001),JUEVES,JUEVES,Acometidas duplicadas: Un mismo ID de acometida tiene varios puntos geométricos asociados,"Distancia menor de 25 metros, unificar en AQUACIS"
4524,1341627,POINT (444615.7647000002 4110919.0241),JUEVES,JUEVES,Acometidas duplicadas: Un mismo ID de acometida tiene varios puntos geométricos asociados,"Distancia menor de 25 metros, unificar en AQUACIS"
4559,1339943,POINT (444376.6409 4111079.0818000007),MANUEL GALERA,MANUEL GALERA,Acometidas duplicadas: Un mismo ID de acometida tiene varios puntos geométricos asociados,"Distancia menor de 25 metros, unificar en AQUACIS"
4685,1338814,POINT (444313.7037000004 4111059.5144999996),MANUEL GALERA,MANUEL GALERA,Acometidas duplicadas: Un mismo ID de acometida tiene varios puntos geométricos asociados,"Distancia menor de 25 metros, unificar en AQUACIS"
4767,1338827,POINT (444265.8015999999 4111057.149700001),MANUEL GALERA,PONIENTE,Sectores no parejos: El ID de sectores de contratos no coincide con la posición de las acometidas según los sectores especificados,"Tomar sector GIS, en este caso: MANUEL GALERA"
4790,1344302,POINT (445353.4419 4111081.201300001),PARQUE 28 DE FEBRERO,NEVADA,Sectores no parejos: El ID de sectores de contratos no coincide con la posición de las acometidas según los sectores especificados,"Tomar sector GIS, en este caso: PARQUE 28 DE FEBRERO"
4796,1341150,POINT (445264.4979999997 4110842.378900001),PARQUE 28 DE FEBRERO,JUEVES,Sectores no parejos: El ID de sectores de contratos no coincide con la posición de las acometidas según los sectores especificados,"Tomar sector GIS, en este caso: PARQUE 28 DE FEBRERO"
4828,1344263,POINT (445297.2045999998 4110960.044399999),PARQUE 28 DE FEBRERO,PARQUE 28 DE FEBRERO,Acometidas duplicadas: Un mismo ID de acometida tiene varios puntos geométricos asociados,"Distancia menor de 25 metros, unificar en AQUACIS"
4843,1344315,POINT (445259.2187999999 4111146.8970999997),NEVADA,PARQUE 28 DE FEBRERO,Sectores no parejos: El ID de sectores de contratos no coincide con la posición de las acometidas según los sectores especificados,"Tomar sector GIS, en este caso: NEVADA"
4847,1341283,POINT (446130.49289999995 4111811.287799999),FERIA DE MUESTRAS,FERIA DE MUESTRAS,Acometidas duplicadas: Un mismo ID de acometida tiene varios puntos geométricos asociados,"Distancia menor de 25 metros, unificar en AQUACIS"
4857,3206188,POINT (445368.8847000003 4111046.9740999993),PARQUE 28 DE FEBRERO,NEVADA,Sectores no parejos: El ID de sectores de contratos no coincide con la posición de las acometidas según los sectores especificados,"Tomar sector GIS, en este caso: PARQUE 28 DE FEBRERO"
4858,3202479,POINT (445332.33660000004 4111013.0398999993),PARQUE 28 DE FEBRERO,NEVADA,Sectores no parejos: El ID de sectores de contratos no coincide con la posición de las acometidas según los sectores especificados,"Tomar sector GIS, en este caso: PARQUE 28 DE FEBRERO"
4874,3210539,POINT (445344.9621000001 4110999.667199999),PARQUE 28 DE FEBRERO,NEVADA,Sectores no parejos: El ID de sectores de contratos no coincide con la posición de las acometidas según los sectores especificados,"Tomar sector GIS, en este caso: PARQUE 28 DE FEBRERO"
4875,3201778,POINT (445325.3222000003 4110935.006100001),PARQUE 28 DE FEBRERO,NEVADA,Sectores no parejos: El ID de sectores de contratos no coincide con la posición de las acometidas según los sectores especificados,"Tomar sector GIS, en este caso: PARQUE 28 DE FEBRERO"
4878,1344584,POINT (445593.5098000001 4112024.9272000007),CAMPO DE FUTBOL,CAMPO DE FUTBOL,Acometidas duplicadas: Un mismo ID de acometida tiene varios puntos geométricos asociados,"Distancia menor de 25 metros, unificar en AQUACIS"
4899,1344557,POINT (444809.6936999997 4111396.9507999998),CAMPO DE FUTBOL,NEVADA,Sectores no parejos: El ID de sectores de contratos no coincide con la posición de las acometidas según los sectores especificados,"Tomar sector GIS, en este caso: CAMPO DE FUTBOL"
5011,1340588,POINT (445199.7422000002 4110554.5067999996),CAMPO DE FUTBOL,JUEVES,Sectores no parejos: El ID de sectores de contratos no coincide con la posición de las acometidas según los sectores especificados,"Tomar sector GIS, en este caso: CAMPO DE FUTBOL"
5012,1343664,POINT (445122.0390999997 4110624.741800001),CAMPO DE FUTBOL,NEVADA,Sectores no parejos: El ID de sectores de contratos no coincide con la posición de las acometidas según los sectores especificados,"Tomar sector GIS, en este caso: CAMPO DE FUTBOL"
5013,1343666,POINT (445249.4128999999 4110725.7968000006),NEVADA,PARQUE 28 DE FEBRERO,Sectores no parejos: El ID de sectores de contratos no coincide con la posición de las acometidas según los sectores especificados,"Tomar sector GIS, en este caso: NEVADA"
5026,1343162,POINT (445573.3826000001 4111622.7256000005),NEVADA,NEVADA,Acometidas duplicadas: Un mismo ID de acometida tiene varios puntos geométricos asociados,"Distancia menor de 25 metros, unificar en AQUACIS"
5038,1344268,POINT (445231.6568999998 4111428.0797000006),NEVADA,NEVADA,Acometidas duplicadas: Un mismo ID de acometida tiene varios puntos geométricos asociados,"Distancia mayor de 25 metros, comprobar en GIS y AQUACIS"
5047,1339168,POINT (444798.6158999996 4110490.4200999998),JUEVES,FUD-400,Sectores no definidos: El ID de sectores de contratos no existe en los sectores GIS disponibles,Crear sector en GIS y añadirlo al archivo sectores
5048,1342132,POINT (444298.2845999999 4110369.196799999),ESPAÑA,ESPAÑA,Acometidas duplicadas: Un mismo ID de acometida tiene varios puntos geométricos asociados,"Distancia menor de 25 metros, unificar en AQUACIS"
5055,3145212,POINT (445076.92650000006 4110672.8014),PARQUE 28 DE FEBRERO,PONIENTE,Sectores no parejos: El ID de sectores de contratos no coincide con la posición de las acometidas según los sectores especificados,"Tomar sector GIS, en este caso: PARQUE 28 DE FEBRERO"
5069,1342451,POINT (444058.72979999986 4111126.0647),MANUEL GALERA,MANUEL GALERA,Acometidas duplicadas: Un mismo ID de acometida tiene varios puntos geométricos asociados,"Distancia menor de 25 metros, unificar en AQUACIS"
5083,1339274,POINT (444191.2095999997 4111086.132200001),MANUEL GALERA,MANUEL GALERA,Acometidas duplicadas: Un mismo ID de acometida tiene varios puntos geométricos asociados,"Distancia menor de 25 metros, unificar en AQUACIS"
5097,1338598,POINT (444510.0338000003 4110443.2004000004),SANTA TERESA,ESPAÑA,Sectores no parejos: El ID de sectores de contratos no coincide con la posición de las acometidas según los sectores especificados,"Tomar sector GIS, en este caso: SANTA TERESA"
5099,1338601,POINT (444514.5329 4110314.5106000006),ESPAÑA,SANTA TERESA,Sectores no parejos: El ID de sectores de contratos no coincide con la posición de las acometidas según los sectores especificados,"Tomar sector GIS, en este caso: ESPAÑA"
5109,1338606,POINT (444517.1967000002 4110289.6295999996),ESPAÑA,SANTA TERESA,Sectores no parejos: El ID de sectores de contratos no coincide con la posición de las acometidas según los sectores especificados,"Tomar sector GIS, en este caso: ESPAÑA"
5123,1338625,POINT (444210.56630000006 4110286.1766999997),ESPAÑA,PONIENTE,Sectores no parejos: El ID de sectores de contratos no coincide con la posición de las acometidas según los sectores especificados,"Tomar sector GIS, en este caso: ESPAÑA"
5143,1338642,POINT (444129.72339999955 4110499.954500001),PONIENTE,ESPAÑA,Sectores no parejos: El ID de sectores de contratos no coincide con la posición de las acometidas según los sectores especificados,"Tomar sector GIS, en este caso: PONIENTE"
5191,1338778,POINT (444555.45050000027 4110258.8388),SANTA TERESA,SANTA TERESA,Acometidas duplicadas: Un mismo ID de acometida tiene varios puntos geométricos asociados,"Distancia menor de 25 metros, unificar en AQUACIS"
5300,1339169,POINT (444754.5195000004 4110431.4506),SANTA TERESA,FUD-400,Sectores no definidos: El ID de sectores de contratos no existe en los sectores GIS disponibles,Crear sector en GIS y añadirlo al archivo sectores
5301,1339182,POINT (444689.1046000002 4110263.0895000007),SANTA TERESA,FUD-400,Sectores no definidos: El ID de sectores de contratos no existe en los sectores GIS disponibles,Crear sector en GIS y añadirlo al archivo sectores
5302,1339183,POINT (444688.0020000003 4110260.1633),SANTA TERESA,FUD-400,Sectores no definidos: El ID de sectores de contratos no existe en los sectores GIS disponibles,Crear sector en GIS y añadirlo al archivo sectores
5303,1339184,POINT (444684.96779999975 4110252.1106000002),SANTA TERESA,FUD-400,Sectores no definidos: El ID de sectores de contratos no existe en los sectores GIS disponibles,Crear sector en GIS y añadirlo al archivo sectores
5304,1339185,POINT (444683.38800000027 4110247.9177),SANTA TERESA,FUD-400,Sectores no definidos: El ID de sectores de contratos no existe en los sectores GIS disponibles,Crear sector en GIS y añadirlo al archivo sectores
5305,1339186,POINT (444680.8487 4110241.178200001),SANTA TERESA,FUD-400,Sectores no definidos: El ID de sectores de contratos no existe en los sectores GIS disponibles,Crear sector en GIS y añadirlo al archivo sectores
5306,1339192,POINT (444662.6297000004 4110192.8244000003),SANTA TERESA,FUD-400,Sectores no definidos: El ID de sectores de contratos no existe en los sectores GIS disponibles,Crear sector en GIS y añadirlo al archivo sectores
5307,1339200,POINT (444631.5432000002 4110110.3209000006),SANTA TERESA,FUD-400,Sectores no definidos: El ID de sectores de contratos no existe en los sectores GIS disponibles,Crear sector en GIS y añadirlo al archivo sectores
5308,1339203,POINT (444614.7133999998 4110065.6575000007),SANTA TERESA,FUD-400,Sectores no definidos: El ID de sectores de contratos no existe en los sectores GIS disponibles,Crear sector en GIS y añadirlo al archivo sectores
5309,1339204,POINT (444611.15890000015 4110056.1218999997),SANTA TERESA,FUD-400,Sectores no definidos: El ID de sectores de contratos no existe en los sectores GIS disponibles,Crear sector en GIS y añadirlo al archivo sectores
5310,1339207,POINT (444593.3680999996 4110008.3956000004),SANTA TERESA,FUD-400,Sectores no definidos: El ID de sectores de contratos no existe en los sectores GIS disponibles,Crear sector en GIS y añadirlo al archivo sectores
5311,1339208,POINT (444589.7142000003 4109998.5934999995),SANTA TERESA,FUD-400,Sectores no definidos: El ID de sectores de contratos no existe en los sectores GIS disponibles,Crear sector en GIS y añadirlo al archivo sectores
5312,1339211,POINT (444567.79470000044 4109939.793400001),SANTA TERESA,FUD-400,Sectores no definidos: El ID de sectores de contratos no existe en los sectores GIS disponibles,Crear sector en GIS y añadirlo al archivo sectores
5387,1339406,POINT (444484.28560000006 4110165.9868),SANTA TERESA,SANTA TERESA,Acometidas duplicadas: Un mismo ID de acometida tiene varios puntos geométricos asociados,"Distancia menor de 25 metros, unificar en AQUACIS"
5420,1339451,POINT (444237.80229999963 4110349.111199999),ESPAÑA,JUEVES,Sectores no parejos: El ID de sectores de contratos no coincide con la posición de las acometidas según los sectores especificados,"Tomar sector GIS, en este caso: ESPAÑA"
5461,1339538,POINT (444295.0462999996 4110597.2902000006),ESPAÑA,SANTA TERESA,Sectores no parejos: El ID de sectores de contratos no coincide con la posición de las acometidas según los sectores especificados,"Tomar sector GIS, en este caso: ESPAÑA"
5466,1339560,POINT (444422.0310000004 4110534.7250999995),ESPAÑA,SANTA TERESA,Sectores no parejos: El ID de sectores de contratos no coincide con la posición de las acometidas según los sectores especificados,"Tomar sector GIS, en este caso: ESPAÑA"
5474,1339579,POINT (444633.3108999999 4110707.4340000004),JUEVES,JUEVES,Acometidas duplicadas: Un mismo ID de acometida tiene varios puntos geométricos asociados,"Distancia menor de 25 metros, unificar en AQUACIS"
5619,1339581,POINT (444648.4313000003 4110731.3249999993),JUEVES,JUEVES,Acometidas duplicadas: Un mismo ID de acometida tiene varios puntos geométricos asociados,"Distancia menor de 25 metros, unificar en AQUACIS"
5725,1339730,POINT (444499.0231999997 4110816.0046999995),JUEVES,JUEVES,Acometidas duplicadas: Un mismo ID de acometida tiene varios puntos geométricos asociados,"Distancia menor de 25 metros, unificar en AQUACIS"
5968,1340449,POINT (444411.81379999965 4110379.5731000006),ESPAÑA,ESPAÑA,Acometidas duplicadas: Un mismo ID de acometida tiene varios puntos geométricos asociados,"Distancia menor de 25 metros, unificar en AQUACIS"
6005,1340500,POINT (444465.19400000013 4110277.7531000003),ESPAÑA,ESPAÑA,Acometidas duplicadas: Un mismo ID de acometida tiene varios puntos geométricos asociados,"Distancia menor de 25 metros, unificar en AQUACIS"
6013,1340519,POINT (444348.14269999973 4110166.5622000005),ESPAÑA,SANTA TERESA,Sectores no parejos: El ID de sectores de contratos no coincide con la posición de las acometidas según los sectores especificados,"Tomar sector GIS, en este caso: ESPAÑA"
6014,1340522,POINT (444344.57990000024 4110167.8115999997),ESPAÑA,SANTA TERESA,Sectores no parejos: El ID de sectores de contratos no coincide con la posición de las acometidas según los sectores especificados,"Tomar sector GIS, en este caso: ESPAÑA"
6020,1340550,POINT (444552.2022000002 4110909.5315000005),JUEVES,JUEVES,Acometidas duplicadas: Un mismo ID de acometida tiene varios puntos geométricos asociados,"Distancia menor de 25 metros, unificar en AQUACIS"
6049,1340621,POINT (444766.54750000034 4110770.9202999994),JUEVES,JUEVES,Acometidas duplicadas: Un mismo ID de acometida tiene varios puntos geométricos asociados,"Distancia mayor de 25 metros, comprobar en GIS y AQUACIS"
6085,1340755,POINT (444671.3180999998 4110685.520300001),JUEVES,JUEVES,Acometidas duplicadas: Un mismo ID de acometida tiene varios puntos geométricos asociados,"Distancia mayor de 25 metros, comprobar en GIS y AQUACIS"
6154,1341080,POINT (444372.5976 4110439.8355),ESPAÑA,JUEVES,Sectores no parejos: El ID de sectores de contratos no coincide con la posición de las acometidas según los sectores especificados,"Tomar sector GIS, en este caso: ESPAÑA"
6164,1341088,POINT (444330.14219999965 4110480.248400001),ESPAÑA,JUEVES,Sectores no parejos: El ID de sectores de contratos no coincide con la posición de las acometidas según los sectores especificados,"Tomar sector GIS, en este caso: ESPAÑA"
6165,1341089,POINT (444329.8244000003 4110477.9243),ESPAÑA,JUEVES,Sectores no parejos: El ID de sectores de contratos no coincide con la posición de las acometidas según los sectores especificados,"Tomar sector GIS, en este caso: ESPAÑA"
6166,1341090,POINT (444328.5728000002 4110468.7709),ESPAÑA,JUEVES,Sectores no parejos: El ID de sectores de contratos no coincide con la posición de las acometidas según los sectores especificados,"Tomar sector GIS, en este caso: ESPAÑA"
6167,1341092,POINT (444328.2023 4110466.0610000007),ESPAÑA,JUEVES,Sectores no parejos: El ID de sectores de contratos no coincide con la posición de las acometidas según los sectores especificados,"Tomar sector GIS, en este caso: ESPAÑA"
6168,1341096,POINT (444326.61760000046 4110454.4703),ESPAÑA,JUEVES,Sectores no parejos: El ID de sectores de contratos no coincide con la posición de las acometidas según los sectores especificados,"Tomar sector GIS, en este caso: ESPAÑA"
6169,1341098,POINT (444324.1079000002 4110436.1161),ESPAÑA,JUEVES,Sectores no parejos: El ID de sectores de contratos no coincide con la posición de las acometidas según los sectores especificados,"Tomar sector GIS, en este caso: ESPAÑA"
6170,1341100,POINT (444323.5569000002 4110432.085999999),ESPAÑA,JUEVES,Sectores no parejos: El ID de sectores de contratos no coincide con la posición de las acometidas según los sectores especificados,"Tomar sector GIS, en este caso: ESPAÑA"
6171,1341101,POINT (444332.3783 4110496.6378000006),ESPAÑA,JUEVES,Sectores no parejos: El ID de sectores de contratos no coincide con la posición de las acometidas según los sectores especificados,"Tomar sector GIS, en este caso: ESPAÑA"
6172,1341102,POINT (444322.2762000002 4110422.7205999997),ESPAÑA,JUEVES,Sectores no parejos: El ID de sectores de contratos no coincide con la posición de las acometidas según los sectores especificados,"Tomar sector GIS, en este caso: ESPAÑA"
6173,1341103,POINT (444330.7600999996 4110484.7674000002),ESPAÑA,JUEVES,Sectores no parejos: El ID de sectores de contratos no coincide con la posición de las acometidas según los sectores especificados,"Tomar sector GIS, en este caso: ESPAÑA"
6174,1341104,POINT (444321.9899000004 4110420.6258000005),ESPAÑA,JUEVES,Sectores no parejos: El ID de sectores de contratos no coincide con la posición de las acometidas según los sectores especificados,"Tomar sector GIS, en este caso: ESPAÑA"
6175,1341105,POINT (444330.12650000025 4110480.1328999996),ESPAÑA,JUEVES,Sectores no parejos: El ID de sectores de contratos no coincide con la posición de las acometidas según los sectores especificados,"Tomar sector GIS, en este caso: ESPAÑA"
6176,1341106,POINT (444320.8940000003 4110412.6104000006),ESPAÑA,JUEVES,Sectores no parejos: El ID de sectores de contratos no coincide con la posición de las acometidas según los sectores especificados,"Tomar sector GIS, en este caso: ESPAÑA"
6177,1341107,POINT (444329.1972000003 4110473.3378999997),ESPAÑA,JUEVES,Sectores no parejos: El ID de sectores de contratos no coincide con la posición de las acometidas según los sectores especificados,"Tomar sector GIS, en este caso: ESPAÑA"
6178,1341108,POINT (444328.80759999994 4110470.4878000002),ESPAÑA,JUEVES,Sectores no parejos: El ID de sectores de contratos no coincide con la posición de las acometidas según los sectores especificados,"Tomar sector GIS, en este caso: ESPAÑA"
6188,1341158,POINT (444886.1129999999 4110678.5343999993),JUEVES,FUD-400,Sectores no definidos: El ID de sectores de contratos no existe en los sectores GIS disponibles,Crear sector en GIS y añadirlo al archivo sectores
6189,1341162,POINT (444868.86760000046 4110654.5111999996),JUEVES,FUD-400,Sectores no definidos: El ID de sectores de contratos no existe en los sectores GIS disponibles,Crear sector en GIS y añadirlo al archivo sectores
6190,1341164,POINT (444811.51800000016 4110563.3971999995),JUEVES,FUD-400,Sectores no definidos: El ID de sectores de contratos no existe en los sectores GIS disponibles,Crear sector en GIS y añadirlo al archivo sectores
6191,1341166,POINT (444823.9581000004 4110586.926999999),JUEVES,FUD-400,Sectores no definidos: El ID de sectores de contratos no existe en los sectores GIS disponibles,Crear sector en GIS y añadirlo al archivo sectores
6192,1341167,POINT (444821.7795000002 4110582.8062999994),JUEVES,FUD-400,Sectores no definidos: El ID de sectores de contratos no existe en los sectores GIS disponibles,Crear sector en GIS y añadirlo al archivo sectores
6193,1341169,POINT (444808.3189000003 4110557.3466999996),JUEVES,FUD-400,Sectores no definidos: El ID de sectores de contratos no existe en los sectores GIS disponibles,Crear sector en GIS y añadirlo al archivo sectores
6223,1341335,POINT (444617.3646 4110522.4705999997),JUEVES,PONIENTE,Sectores no parejos: El ID de sectores de contratos no coincide con la posición de las acometidas según los sectores especificados,"Tomar sector GIS, en este caso: JUEVES"
6263,1341462,POINT (444067.01300000027 4110820.043299999),PONIENTE,PONIENTE,Acometidas duplicadas: Un mismo ID de acometida tiene varios puntos geométricos asociados,"Distancia menor de 25 metros, unificar en AQUACIS"
6267,1341467,POINT (444058.23610000033 4110799.3934000004),PONIENTE,PONIENTE,Acometidas duplicadas: Un mismo ID de acometida tiene varios puntos geométricos asociados,"Distancia menor de 25 metros, unificar en AQUACIS"
6350,1341847,POINT (444400.9561999999 4110706.7063999996),JUEVES,JUEVES,Acometidas duplicadas: Un mismo ID de acometida tiene varios puntos geométricos asociados,"Distancia menor de 25 metros, unificar en AQUACIS"
6375,1341975,POINT (444206.0625 4110253.006100001),ESPAÑA,PONIENTE,Sectores no parejos: El ID de sectores de contratos no coincide con la posición de las acometidas según los sectores especificados,"Tomar sector GIS, en este caso: ESPAÑA"
6405,1342149,POINT (444500.6453999998 4110534.8225),ESPAÑA,SANTA TERESA,Sectores no parejos: El ID de sectores de contratos no coincide con la posición de las acometidas según los sectores especificados,"Tomar sector GIS, en este caso: ESPAÑA"
6406,1342150,POINT (444516.4603000004 4110514.8115),ESPAÑA,SANTA TERESA,Sectores no parejos: El ID de sectores de contratos no coincide con la posición de las acometidas según los sectores especificados,"Tomar sector GIS, en este caso: ESPAÑA"
6413,1342151,POINT (444520.1359000001 4110511.204),ESPAÑA,SANTA TERESA,Sectores no parejos: El ID de sectores de contratos no coincide con la posición de las acometidas según los sectores especificados,"Tomar sector GIS, en este caso: ESPAÑA"
6414,1342152,POINT (444525.12930000015 4110506.3033000007),ESPAÑA,SANTA TERESA,Sectores no parejos: El ID de sectores de contratos no coincide con la posición de las acometidas según los sectores especificados,"Tomar sector GIS, en este caso: ESPAÑA"
6415,1342153,POINT (444526.65500000026 4110504.8058),ESPAÑA,SANTA TERESA,Sectores no parejos: El ID de sectores de contratos no coincide con la posición de las acometidas según los sectores especificados,"Tomar sector GIS, en este caso: ESPAÑA"
6454,1342225,POINT (444558.50939999986 4110718.9299),JUEVES,JUEVES,Acometidas duplicadas: Un mismo ID de acometida tiene varios puntos geométricos asociados,"Distancia menor de 25 metros, unificar en AQUACIS"
6557,1342496,POINT (444417.1425999999 4110107.3444999997),ESPAÑA,ESPAÑA,Acometidas duplicadas: Un mismo ID de acometida tiene varios puntos geométricos asociados,"Distancia menor de 25 metros, unificar en AQUACIS"
6584,1342498,POINT (444421.5409000004 4110096.6587000005),ESPAÑA,ESPAÑA,Acometidas duplicadas: Un mismo ID de acometida tiene varios puntos geométricos asociados,"Distancia menor de 25 metros, unificar en AQUACIS"
6587,1342500,POINT (444420.61319999956 4110116.464299999),ESPAÑA,ESPAÑA,Acometidas duplicadas: Un mismo ID de acometida tiene varios puntos geométricos asociados,"Distancia menor de 25 metros, unificar en AQUACIS"
6634,1342669,POINT (444416.97580000013 4110302.0968999993),ESPAÑA,SANTA TERESA,Sectores no parejos: El ID de sectores de contratos no coincide con la posición de las acometidas según los sectores especificados,"Tomar sector GIS, en este caso: ESPAÑA"
6638,1342670,POINT (444417.9988000002 4110278.356899999),ESPAÑA,SANTA TERESA,Sectores no parejos: El ID de sectores de contratos no coincide con la posición de las acometidas según los sectores especificados,"Tomar sector GIS, en este caso: ESPAÑA"
6639,1342674,POINT (444444.9508999996 4110294.3660000004),ESPAÑA,SANTA TERESA,Sectores no parejos: El ID de sectores de contratos no coincide con la posición de las acometidas según los sectores especificados,"Tomar sector GIS, en este caso: ESPAÑA"
6640,1342675,POINT (444443.95330000017 4110297.785599999),ESPAÑA,SANTA TERESA,Sectores no parejos: El ID de sectores de contratos no coincide con la posición de las acometidas según los sectores especificados,"Tomar sector GIS, en este caso: ESPAÑA"
6643,1342686,POINT (444514.71920000017 4110543.7182),PONIENTE,ESPAÑA,Sectores no parejos: El ID de sectores de contratos no coincide con la posición de las acometidas según los sectores especificados,"Tomar sector GIS, en este caso: PONIENTE"
6644,1342688,POINT (444503.65950000007 4110545.4405000005),PONIENTE,ESPAÑA,Sectores no parejos: El ID de sectores de contratos no coincide con la posición de las acometidas según los sectores especificados,"Tomar sector GIS, en este caso: PONIENTE"
6650,1342744,POINT (444358.88829999976 4110200.753900001),ESPAÑA,SANTA TERESA,Sectores no parejos: El ID de sectores de contratos no coincide con la posición de las acometidas según los sectores especificados,"Tomar sector GIS, en este caso: ESPAÑA"
6651,1342746,POINT (444353.7773000002 4110202.6712999996),ESPAÑA,SANTA TERESA,Sectores no parejos: El ID de sectores de contratos no coincide con la posición de las acometidas según los sectores especificados,"Tomar sector GIS, en este caso: ESPAÑA"
6691,1342811,POINT (444743.21160000004 4110565.0348000005),JUEVES,JUEVES,Acometidas duplicadas: Un mismo ID de acometida tiene varios puntos geométricos asociados,"Distancia menor de 25 metros, unificar en AQUACIS"
6894,1343084,POINT (445560.8230999997 4111704.0416),NEVADA,NEVADA,Acometidas duplicadas: Un mismo ID de acometida tiene varios puntos geométricos asociados,"Distancia menor de 25 metros, unificar en AQUACIS"
6974,1343288,POINT (444212.0832000002 4110297.2486000005),ESPAÑA,SANTA TERESA,Sectores no parejos: El ID de sectores de contratos no coincide con la posición de las acometidas según los sectores especificados,"Tomar sector GIS, en este caso: ESPAÑA"
6975,1343289,POINT (444208.58690000046 4110271.7282999996),ESPAÑA,SANTA TERESA,Sectores no parejos: El ID de sectores de contratos no coincide con la posición de las acometidas según los sectores especificados,"Tomar sector GIS, en este caso: ESPAÑA"
7162,1343978,POINT (445387.5832000002 4111325.5453999992),NEVADA,NEVADA,Acometidas duplicadas: Un mismo ID de acometida tiene varios puntos geométricos asociados,"Distancia mayor de 25 metros, comprobar en GIS y AQUACIS"
7306,3145448,POINT (444596.3883999996 4110016.4979999997),SANTA TERESA,FUD-400,Sectores no definidos: El ID de sectores de contratos no existe en los sectores GIS disponibles,Crear sector en GIS y añadirlo al archivo sectores
7309,1338702,POINT (443926.08690000046 4111113.444599999),MANUEL GALERA,PONIENTE,Sectores no parejos: El ID de sectores de contratos no coincide con la posición de las acometidas según los sectores especificados,"Tomar sector GIS, en este caso: MANUEL GALERA"
7331,1338742,POINT (444285.31879999954 4110895.1536),PONIENTE,PONIENTE,Acometidas duplicadas: Un mismo ID de acometida tiene varios puntos geométricos asociados,"Distancia menor de 25 metros, unificar en AQUACIS"
7406,1338961,POINT (444086.3948999997 4111060.3486),MANUEL GALERA,MANUEL GALERA,Acometidas duplicadas: Un mismo ID de acometida tiene varios puntos geométricos asociados,"Distancia menor de 25 metros, unificar en AQUACIS"
7433,1339019,POINT (444252.5455 4110879.8669000007),PONIENTE,PONIENTE,Acometidas duplicadas: Un mismo ID de acometida tiene varios puntos geométricos asociados,"Distancia menor de 25 metros, unificar en AQUACIS"
7497,1339605,POINT (444177.5773 4110678.8627000004),PONIENTE,PONIENTE,Acometidas duplicadas: Un mismo ID de acometida tiene varios puntos geométricos asociados,"Distancia menor de 25 metros, unificar en AQUACIS"
7542,1339618,POINT (444201.90670000017 4110763.218699999),PONIENTE,PONIENTE,Acometidas duplicadas: Un mismo ID de acometida tiene varios puntos geométricos asociados,"Distancia menor de 25 metros, unificar en AQUACIS"
7588,1340346,POINT (444082.32579999976 4110926.5667000003),PONIENTE,PONIENTE,Acometidas duplicadas: Un mismo ID de acometida tiene varios puntos geométricos asociados,"Distancia menor de 25 metros, unificar en AQUACIS"
7635,1340360,POINT (444105.3881000001 4110955.2490999997),MANUEL GALERA,MANUEL GALERA,Acometidas duplicadas: Un mismo ID de acometida tiene varios puntos geométricos asociados,"Distancia menor de 25 metros, unificar en AQUACIS"
7672,1341181,POINT (444197.3356999997 4110944.8168),PONIENTE,PONIENTE,Acometidas duplicadas: Un mismo ID de acometida tiene varios puntos geométricos asociados,"Distancia menor de 25 metros, unificar en AQUACIS"
7703,1341193,POINT (444154.44849999994 4110830.4341),PONIENTE,PONIENTE,Acometidas duplicadas: Un mismo ID de acometida tiene varios puntos geométricos asociados,"Distancia menor de 25 metros, unificar en AQUACIS"
7748,1341651,POINT (444309.5258999998 4110881.8849),PONIENTE,PONIENTE,Acometidas duplicadas: Un mismo ID de acometida tiene varios puntos geométricos asociados,"Distancia menor de 25 metros, unificar en AQUACIS"
7797,1341684,POINT (444453.05150000006 4111006.4977),PONIENTE,MANUEL GALERA,Sectores no parejos: El ID de sectores de contratos no coincide con la posición de las acometidas según los sectores especificados,"Tomar sector GIS, en este caso: PONIENTE"
7799,1341685,POINT (444439.09329999983 4110986.3044000007),PONIENTE,MANUEL GALERA,Sectores no parejos: El ID de sectores de contratos no coincide con la posición de las acometidas según los sectores especificados,"Tomar sector GIS, en este caso: PONIENTE"
7876,1341743,POINT (444294.70770000014 4110748.295499999),JUEVES,JUEVES,Acometidas duplicadas: Un mismo ID de acometida tiene varios puntos geométricos asociados,"Distancia menor de 25 metros, unificar en AQUACIS"
7954,1342337,POINT (444138.9512 4110817.8715000004),PONIENTE,PONIENTE,Acometidas duplicadas: Un mismo ID de acometida tiene varios puntos geométricos asociados,"Distancia menor de 25 metros, unificar en AQUACIS"
8095,1343230,POINT (444917.85479999986 4110415.3056000005),JUEVES,JUEVES,Acometidas duplicadas: Un mismo ID de acometida tiene varios puntos geométricos asociados,"Distancia menor de 25 metros, unificar en AQUACIS"
8114,1343649,POINT (445454.34229999967 4111437.432600001),NEVADA,NEVADA,Acometidas duplicadas: Un mismo ID de acometida tiene varios puntos geométricos asociados,"Distancia menor de 25 metros, unificar en AQUACIS"
8120,1343841,POINT (445630.75349999964 4112192.8154000007),,PONIENTE,Falta sector: Punto fuera de los polígonos de los sectores,"Añadir punto a polígono GIS, se sugiere el polígono de contratos, en este caso: PONIENTE"
8122,1343842,POINT (445658.26109999977 4112249.2607000005),,PONIENTE,Falta sector: Punto fuera de los polígonos de los sectores,"Añadir punto a polígono GIS, se sugiere el polígono de contratos, en este caso: PONIENTE"
8138,1343926,POINT (445605.5504999999 4112200.1207999997),,CAMPO DE FUTBOL,Falta sector: Punto fuera de los polígonos de los sectores,"Añadir punto a polígono GIS, se sugiere el polígono de contratos, en este caso: CAMPO DE FUTBOL"
8143,1343990,POINT (445250.91500000004 4111209.9364),NEVADA,NEVADA,Acometidas duplicadas: Un mismo ID de acometida tiene varios puntos geométricos asociados,"Distancia mayor de 25 metros, comprobar en GIS y AQUACIS"
8149,1343993,POINT (445269.5536000002 4111227.0835999995),NEVADA,NEVADA,Acometidas duplicadas: Un mismo ID de acometida tiene varios puntos geométricos asociados,"Distancia menor de 25 metros, unificar en AQUACIS"
8157,1343998,POINT (445282.7803999996 4111239.2520000003),NEVADA,NEVADA,Acometidas duplicadas: Un mismo ID de acometida tiene varios puntos geométricos asociados,"Distancia menor de 25 metros, unificar en AQUACIS"
8161,1343999,POINT (445278.4035 4111235.225299999),NEVADA,NEVADA,Acometidas duplicadas: Un mismo ID de acometida tiene varios puntos geométricos asociados,"Distancia menor de 25 metros, unificar en AQUACIS"
8177,1344356,POINT (445671.4584999997 4112223.2081000004),,CAMPO DE FUTBOL,Falta sector: Punto fuera de los polígonos de los sectores,"Añadir punto a polígono GIS, se sugiere el polígono de contratos, en este caso: CAMPO DE FUTBOL"
8223,1344577,POINT (445680.66280000005 4112168.142999999),,CAMPO DE FUTBOL,Falta sector: Punto fuera de los polígonos de los sectores,"Añadir punto a polígono GIS, se sugiere el polígono de contratos, en este caso: CAMPO DE FUTBOL"
8224,1344587,POINT (445739.3364000004 4112272.5957999993),,NEVADA,Falta sector: Punto fuera de los polígonos de los sectores,"Añadir punto a polígono GIS, se sugiere el polígono de contratos, en este caso: NEVADA"
9298,1344611,POINT (445622.1617999999 4112146.2828),,CAMPO DE FUTBOL,Falta sector: Punto fuera de los polígonos de los sectores,"Añadir punto a polígono GIS, se sugiere el polígono de contratos, en este caso: CAMPO DE FUTBOL"
9304,3015445,POINT (445681.5362 4112065.089400001),NEVADA,CAMPO DE FUTBOL,Sectores no parejos: El ID de sectores de contratos no coincide con la posición de las acometidas según los sectores especificados,"Tomar sector GIS, en este caso: NEVADA"
9313,3165046,POINT (444892.75320000015 4110932.9126999993),PARQUE 28 DE FEBRERO,PONIENTE,Sectores no parejos: El ID de sectores de contratos no coincide con la posición de las acometidas según los sectores especificados,"Tomar sector GIS, en este caso: PARQUE 28 DE FEBRERO"
9322,3156999,POINT (444416.2002999997 4110935.181399999),JUEVES,PONIENTE,Sectores no parejos: El ID de sectores de contratos no coincide con la posición de las acometidas según los sectores especificados,"Tomar sector GIS, en este caso: JUEVES"
9329,3165038,POINT (444871.7022000002 4110950.6268000007),JUEVES,PONIENTE,Sectores no parejos: El ID de sectores de contratos no coincide con la posición de las acometidas según los sectores especificados,"Tomar sector GIS, en este caso: JUEVES"
9517,1344583,POINT (446113.7449000003 4111823.868899999),FERIA DE MUESTRAS,NEVADA,Sectores no parejos: El ID de sectores de contratos no coincide con la posición de las acometidas según los sectores especificados,"Tomar sector GIS, en este caso: FERIA DE MUESTRAS"
9522,1342747,POINT (444354.25739999954 4110202.4910000004),ESPAÑA,SANTA TERESA,Sectores no parejos: El ID de sectores de contratos no coincide con la posición de las acometidas según los sectores especificados,"Tomar sector GIS, en este caso: ESPAÑA"
9523,1342745,POINT (444364.6213999996 4110198.6027000006),ESPAÑA,SANTA TERESA,Sectores no parejos: El ID de sectores de contratos no coincide con la posición de las acometidas según los sectores especificados,"Tomar sector GIS, en este caso: ESPAÑA"
9612,3209951,POINT (444613.51070000045 4111323.4449000005),MANUEL GALERA,PONIENTE,Sectores no parejos: El ID de sectores de contratos no coincide con la posición de las acometidas según los sectores especificados,"Tomar sector GIS, en este caso: MANUEL GALERA"
9642,1338640,POINT (444102.68769999966 4110475.6142999995),PONIENTE,ESPAÑA,Sectores no parejos: El ID de sectores de contratos no coincide con la posición de las acometidas según los sectores especificados,"Tomar sector GIS, en este caso: PONIENTE"
9668,3259756,POINT (445257.80840000045 4111439.9953000005),NEVADA,NEVADA,Acometidas duplicadas: Un mismo ID de acometida tiene varios puntos geométricos asociados,"Distancia mayor de 25 metros, comprobar en GIS y AQUACIS"
9686,3271654,POINT (445222.78699999955 4110802.4876000006),PARQUE 28 DE FEBRERO,PONIENTE,Sectores no parejos: El ID de sectores de contratos no coincide con la posición de las acometidas según los sectores especificados,"Tomar sector GIS, en este caso: PARQUE 28 DE FEBRERO"
9759,1339177,POINT (444715.7242999999 4110331.6625999995),SANTA TERESA,FUD-400,Sectores no definidos: El ID de sectores de contratos no existe en los sectores GIS disponibles,Crear sector en GIS y añadirlo al archivo sectores
9761,3302938,POINT (445681.58690000046 4112167.4581000004),,CAMPO DE FUTBOL,Falta sector: Punto fuera de los polígonos de los sectores,"Añadir punto a polígono GIS, se sugiere el polígono de contratos, en este caso: CAMPO DE FUTBOL"
9779,2996007,POINT (444289.42760000005 4110128.701199999),SANTA TERESA,ESPAÑA,Sectores no parejos: El ID de sectores de contratos no coincide con la posición de las acometidas según los sectores especificados,"Tomar sector GIS, en este caso: SANTA TERESA"
9816,1338701,POINT (443889.69049999956 4111005.9473),MANUEL GALERA,PONIENTE,Sectores no parejos: El ID de sectores de contratos no coincide con la posición de las acometidas según los sectores especificados,"Tomar sector GIS, en este caso: MANUEL GALERA"
